date,q,pre_7d_mean,evp_7d_mean,gst_mean_7d_mean,prs_mean_7d_mean,tem_mean_7d_mean,rhu_7d_mean,win_mean_7d_mean,gst_min_7d_mean,prs_min_7d_mean,tem_min_7d_mean,gst_max_7d_mean,prs_max_7d_mean,tem_max_7d_mean,ssd_7d_mean,win_max_7d_mean
2001-08-19,7.269178075546876,15.819930842146277,3.715248380388533,22.575527954101567,876.558677455357,19.45050986153739,7.480750056675502,2.521876662118095,14.65083269391741,874.5279436383929,15.160586874825613,38.1256849016462,878.0565011160714,25.411128452845983,7.056888628989378,5.8529196602957585
2001-09-02,1.10202733243869,4.145588699515377,2.5623750141688753,19.63809465680804,878.4340262276786,17.676268659319195,7.961851174490792,2.322176170349121,13.337754821777343,876.8515485491072,14.417478942871094,33.477430071149556,879.652748325893,21.945015171595987,5.309332013130188,5.135923004150391
2002-06-30,0.6530211413946347,3.0036235884360005,5.647426932198661,27.29886518205915,873.1936941964285,23.073388453892303,5.774956893920899,2.438947309766497,14.649095807756696,871.0862025669642,17.128828648158482,50.15152544294085,874.5647321428571,29.31477879115513,10.51762308393206,6.274651009695871
2002-07-07,1.2891900773708116,3.4850231528361144,4.591924449375697,26.157820347377232,874.7305943080357,22.37002301897321,6.601706259591238,2.2646044049944196,16.14197104317801,872.9096958705358,17.462223597935267,45.188893345424106,876.0593610491071,27.824244471958703,7.886667660304477,6.232303019932338
2002-07-21,-0.6073678183689494,2.3520517144586592,6.682373537336076,30.018620082310267,873.0312639508928,23.847840663364956,4.940634645734514,2.3310414859226776,15.510796465192522,871.4565708705358,17.735892377580914,56.21569213867188,874.3473772321429,30.262967354910717,10.854264504568917,6.1352678026471805
2002-08-04,1.0319565510847923,3.009233579864459,4.4630459104265485,30.153247288295198,873.9407505580358,25.229752676827566,7.025309971400669,2.295151574271066,19.251366097586498,872.0872628348214,20.54353899274554,51.422559465680806,875.3529296875001,31.255075945172994,8.593578910827636,5.288879993983678
2002-09-08,1.717912621180844,6.228462226742081,2.419633715493338,19.59842769077846,880.8940150669642,17.925156511579242,7.910457338605608,2.346855858394078,14.428596932547435,878.9999162946427,14.862409973144533,30.593182155064174,882.5502371651785,22.531881713867186,2.999100378581456,5.147841726030622
2003-07-27,0.6336594781257945,2.160381087873663,5.7956204550606865,30.312263270786833,872.0434012276786,24.93873094831194,6.142505700247628,2.670419120788574,17.908145141601562,869.9062360491071,19.46643153599331,53.90945914132254,873.6134486607142,31.278233555385047,8.809809167044502,7.152734102521623
2003-09-21,0.7138720830967037,1.7054654536945602,2.9202181679861887,20.323165893554688,880.2370117187501,17.924915422712054,7.188708986554827,1.803366047995431,12.23101294381278,877.9615373883928,13.681370108468192,37.40961521693639,881.9118303571429,23.347504970005577,6.39399345942906,4.896195820399693
2004-08-01,0.8659994373518766,4.256441616031455,4.330079977852958,24.834605407714843,873.8122907366071,21.456270708356584,7.013575799124582,2.497622980390276,16.00502166748047,871.3931082589285,16.853841945103238,41.453440638950894,875.4972237723214,27.014232090541295,8.622040149143764,5.555114255632674
2004-08-08,0.7373826742088668,1.1423764063463953,5.683564540318081,28.947228567940847,872.0150948660714,23.975809805733814,6.180760029384068,2.4974645342145645,17.275497436523434,869.8406529017858,18.532668631417412,50.35301295689174,873.45732421875,29.78304312569755,10.508918653215678,5.555282047816685
2004-08-22,0.9462120423227858,6.818653356633149,2.9160172871180947,20.87140873500279,875.0911551339286,18.313985988071984,7.878805977957589,1.7943871498107913,13.770334298270091,873.4778878348213,14.320435987200057,34.96689147949219,876.3838030133929,23.520147705078127,6.617781060082572,4.423121588570732
2006-06-18,-0.6193167305577193,0.16495982584020177,8.850333840506417,30.626058741978234,871.1814174107142,23.80236162458147,2.272143854413714,2.5792815344674245,12.367585863385882,868.1754882812501,15.51437574114118,58.82849775041852,873.1607840401787,31.598287745884488,11.682750047956192,6.030920737130301
2006-06-25,-0.6180554564933491,1.1395487553976376,5.89451435634068,26.17964237758091,874.4665457589286,21.725607299804686,4.920145034790039,2.4547694887433735,14.539864894321989,872.1850027901785,16.336578587123324,50.77446943010603,876.1153041294643,28.680860246930802,7.598105893816266,6.272621699741909
2006-08-06,3.5177570332128227,2.361646778872195,5.940895353044782,28.44294738769531,873.9336216517856,22.697466169084823,6.005817358834402,2.697209003993443,16.580033002580915,871.9809291294644,17.262893458775107,50.77850341796875,875.9218889508928,28.970345633370535,11.050500597272599,6.109614998953683
2006-08-13,2.145943677016989,1.9094489949090143,5.127219717843191,29.191794913155693,872.1631975446428,24.60665740966797,6.561412974766323,2.754281943184989,20.23097490583147,870.3533342633929,20.58385511125837,47.74844447544643,873.4952427455357,29.805923025948665,5.771076393127442,5.431485421316965
2006-08-27,2.0083375702134467,2.7972021013507478,4.33442393711635,24.57592010498047,875.8110909598214,20.18210928780692,6.362975910731724,2.151512145996094,13.270903560093474,873.9158621651786,14.674801308768135,48.02425667898995,877.4506975446428,26.755930873325894,8.777416283743722,4.887642179216657
2006-09-03,2.4508898735012217,4.385044621995517,2.3958150318690707,21.068766566685266,874.8304268973214,18.962837001255583,7.975984627859932,1.9717370986938476,15.565993826729912,873.121303013393,15.77503400530134,33.45145786830357,876.2757393973216,23.736057172502793,3.752680090495519,4.475858170645578
2006-09-24,10.042242418826882,3.3134252170056664,2.8449870109558106,17.2222898210798,879.3864257812501,15.572930472237724,7.004661396571568,3.1593211310250418,11.006227765764509,877.1599888392857,12.297705514090401,30.191131155831474,881.0941266741072,19.882721165248324,3.782421601162268,6.619187218802316
2007-06-17,-0.49982760867002,1.752676099754945,5.831802913120815,25.890391322544644,871.79658203125,21.828234209333147,4.928229795183454,3.20711738041469,15.839917646135603,869.5178152901786,17.057754952566963,45.1751211983817,873.3614955357142,27.358505249023438,5.046415563992091,6.285441861833845
2007-08-19,-0.4948488952580325,2.7139233134208572e-05,6.427909197126115,29.41886117117745,873.6229771205357,24.159358433314736,4.510272271292551,2.1655553817749023,15.580278887067522,871.5610491071428,17.703858947753908,55.284436035156254,874.9220145089286,30.66068856375559,9.882759748186384,4.927953720092773
2007-09-02,2.553880905847237,7.302695792061941,2.5792919431413925,20.806383405412948,876.5229073660714,18.511466761997763,7.859462520054409,1.7433461734226776,14.577819388253348,874.8346958705357,14.934974016462053,33.85791407993862,878.0328404017857,23.53175201416016,5.383887781415666,4.737536239624023
2007-11-04,-0.2774450762679128,0.0,2.298901285443987,4.580387551443918,884.95126953125,3.69795492717198,4.397165843418667,2.2585861751011436,-3.7232400894165036,882.1455636160714,-1.5448508398873468,22.877091544015066,887.5474330357143,10.493146841866631,8.664028930664063,5.612295368739537
2008-07-20,-0.5735125671674346,2.215591182791129,4.361082131522044,25.100928606305803,872.2881975446429,21.023782566615512,6.536595698765345,2.0818847383771626,14.995833260672432,870.2940011160714,16.11257520403181,44.45157121930804,873.6902622767857,27.29178902762277,7.122706770896912,4.9924766540527346
2008-08-17,-0.2243387998733798,6.195874981438309,3.4841263089861187,21.82610866001674,873.0935267857143,18.73202165876116,7.260234451293946,1.9389898708888462,13.643637193952287,871.6011718750002,14.72449667794364,38.534431675502226,874.4524414062499,23.943006678989956,6.387387221200126,4.727796936035156
2008-09-21,-0.3438279217610792,0.9773360090596336,3.762115124293736,21.3952630179269,875.3206612723214,18.85719909667969,6.400859505789621,2.2307795252118794,12.374154663085937,873.2406808035714,13.67677917480469,39.10466090611049,877.1266183035715,25.358378601074214,7.251593444894732,5.48669913155692
2008-09-28,1.1689897107099714,10.558593046369996,1.3114277226584297,12.061557115827288,881.5377790178572,10.826565333775111,8.742631421770367,1.799925082070487,9.587389809744698,879.023032924107,9.231286294119698,17.751812526157927,883.3110630580358,13.12874897548131,0.611824051969987,3.913422475542341
2009-06-21,-0.5718529960301054,0.6525256939265611,8.100082669939313,29.281875610351562,870.0930385044643,23.45391257149833,3.8327328818184987,3.205152157374791,15.463949148995537,867.2415736607143,17.353138732910157,54.90355181012835,872.0928431919643,29.746338980538507,8.320494215829033,7.300935963221958
2009-07-05,-0.6153337598281293,0.011282530012764311,9.445049939836775,33.370315115792415,871.1549665178571,25.664496285574778,2.5817862101963587,2.3863272530691964,15.176591491699217,868.6197823660714,18.134524754115514,62.329045758928565,872.8334821428572,32.322183227539064,10.237299891880582,5.216813332693917
2009-07-19,-0.4234873363528788,4.545595087456438,4.783257865905761,26.1865230015346,869.7989815848214,22.949780709402905,6.525335257393975,2.219220897129604,17.49875183105469,867.9525669642857,18.24447065080915,43.91258326939174,871.2981305803571,29.141161673409595,6.08100700378418,5.293889999389648
2009-08-16,-0.6035508047530923,1.0438261620519758,5.8498824528285445,27.045225960867747,875.1551060267858,22.244366237095424,5.095740836007254,1.8485803604125979,14.06207809448242,873.3296316964286,15.523215811593193,51.19597647530692,876.5424944196429,29.27525024414062,9.04247360229492,4.956826509748187
2009-09-20,-0.194466519401455,1.3608343449634126,4.220205960954938,19.315579877580912,878.4797572544643,16.87722222464425,5.904572241646902,2.331864220755441,9.637343433925084,876.5066127232142,11.15037738255092,38.37469002859933,880.4006277901788,23.78986533028739,8.08527066367013,5.675597817557198
2009-10-18,-0.2442536535213297,0.06987130641937256,3.2493574687412807,10.099419294084822,881.6006835937499,9.007537405831473,5.167311968122209,2.5033363342285155,1.7947004437446594,879.0700195312502,3.6814711775098528,26.88041839599609,883.9371233258929,15.876088932582308,8.276286915370395,6.2051926204136425
2010-06-20,-0.4928574098932375,0.038098738276829795,8.085389055524555,30.558774239676335,871.6204938616073,23.67071533203125,3.3333075932094025,2.147763116019113,12.758380017961773,869.4323242187501,15.408615984235492,58.01776210239955,873.1062918526786,30.71060398646764,12.429207393101285,5.45629038129534
2010-07-18,-0.5819763799678133,1.1026255742247615,6.706134414672851,30.438060651506696,873.1438476562499,24.768200247628346,5.272657067435128,2.4860157012939452,17.422250366210935,871.2996651785713,18.764702715192524,55.199249267578125,874.3882114955356,31.572341482979912,8.840313502720422,6.107879366193499
2010-08-15,-0.2824237896799004,2.8640369231666614,4.344694546290806,25.455773053850447,872.744545200893,22.235426548549107,6.247984041486468,1.7624812126159668,16.049952806745257,871.004966517857,17.628316279820037,42.7680188860212,873.9190708705357,27.509160505022322,5.454635647365024,4.525870077950614
2010-09-19,-0.5064658932193367,3.2306397570258665,3.3459954125540596,23.004207066127236,874.8758091517858,20.319517735072544,7.393299211774553,2.490747942243303,16.1880865914481,872.8032087053571,16.935268293108262,37.866014099121095,876.4320033482143,24.884720284598217,3.343348312803677,5.314500699724469
2010-10-17,-0.3803384867823207,5.194396381900188e-06,2.4605265481131418,10.864056396484374,881.8673688616072,9.603031921386718,5.526404353550503,1.6108386175973075,0.9727009023938858,879.735923549107,3.586380059378487,29.911749703543528,883.6656947544642,17.225782557896206,8.68210312979562,3.844268989562988
2011-06-19,-0.4599979013741202,1.1734348718298084,6.984652982439313,29.35200020926339,870.5728236607141,24.330265372140072,4.394001388549804,2.9848402023315432,16.09945547921317,868.1364955357142,18.697497776576455,52.28451320103237,872.46181640625,30.22288861955915,7.627740587506976,6.10225977216448
2011-07-03,0.8388931087755004,7.624641690935407,4.697844164712088,26.44043644496373,869.0109654017858,22.027366202218193,6.478980091639927,2.5047348976135253,16.263613237653463,866.9273995535714,17.36763022286551,45.00607190813337,870.6857142857143,28.072501264299667,6.029964490846864,5.371291242327009
2011-07-10,0.4560853664315746,0.4703784503840974,6.1738269260951455,26.40177132742746,872.1527901785715,22.083715166364396,4.935037585667202,2.5155454090663367,14.578428431919644,869.9701869419642,16.387116132463728,47.941230119977675,873.6538643973214,28.299843052455362,8.503581946236748,6.192412948608398
2011-07-17,-0.4989978231013554,1.3271818535668511,6.782478550502233,29.335328456333706,872.6318917410715,23.682823617117744,4.779328536987306,2.4929965700422017,14.48808114188058,870.1765625,16.927507890973775,56.408192661830356,874.2196428571427,31.293828909737723,10.629449244907923,6.840209197998048
2011-07-31,-0.4284660497648662,3.6380854791648454,5.272568838936941,25.899620056152344,872.2906808035714,22.761958966936383,5.6785084315708705,2.017941038949149,15.728777204241073,870.0183314732142,16.990993826729913,44.59310607910157,873.7755719866071,29.58375876290458,8.505902048519678,5.343135615757533
2011-08-07,-0.3006790721905211,1.0303593009122287,5.809955760410854,28.32607814243861,873.0896623883929,23.340856279645646,5.461839239937918,2.1925325121198385,15.80336696079799,871.2630719866072,17.472006879534035,50.66048845563616,874.65634765625,29.751787458147327,9.591442598615373,5.215580586024694
2011-08-21,-0.478253183884741,5.11867005275582,3.382312529427665,21.35711495535714,876.0360770089284,18.37291717529297,7.543454033987863,2.117638724190848,15.039921133858817,874.3457310267858,15.234135654994418,35.41209520612444,877.4674386160714,22.97209647042411,3.8638722793151925,4.783629662649973
2011-08-28,0.4880321108251608,3.106374917741465,4.051144490923201,22.65873478480748,876.2253348214286,18.90770547049386,7.283304377964565,2.4622200012207034,13.20930404663086,874.4857700892857,14.431541878836496,42.58929007393974,877.8879743303571,24.84701145717076,8.568930271693636,5.5727555956159325
2011-09-11,0.0644265780218935,1.1941345980124816,2.825190625871931,17.168411690848213,878.9770647321428,14.303631046840122,7.261599077497209,1.933603286743164,10.201554325648715,876.5630998883929,11.009049279349194,31.450935363769524,881.0197544642855,19.18471418108259,4.7598547765186865,4.287580871582032
2011-09-18,-0.332210923799775,2.225033911636897,3.104598045349121,16.444096810477124,878.3833844866073,14.144748469761437,6.7737438746861045,2.23481205531529,9.064729472569056,875.9670200892858,10.327952303205217,31.667738560267853,880.0932198660714,19.674511827741348,5.975268631322043,4.752847453526088
2011-09-25,-0.2957003587785336,0.04905923237758021,2.850186402457101,15.856639317103795,881.8270368303572,13.305745915004184,5.990643201555524,1.454204995291574,5.982173538208008,879.9136439732143,7.834930583408899,35.79106314522879,883.5011439732143,19.73004847935268,7.84682720729283,3.3782982417515344
2011-10-09,-0.279104647405242,1.4330102626784345,2.6412785938807892,14.729747663225448,881.6016043526786,13.086466653006417,6.0306141989571715,1.7869609424046107,4.976189395359584,879.5095563616072,7.59744404384068,33.91756308419364,883.5589704241073,19.9021488734654,7.04183224269322,4.09186385018485
2011-10-16,-0.1048496779856805,1.3350172711270196,2.18246876852853,10.6400632585798,881.97138671875,10.051159286499024,6.4503318786621096,2.652497209821429,4.055563820259912,880.1564034598215,6.5913334165300626,24.14760131835937,883.782924107143,14.73230667114258,5.436514500209262,6.3553356715611065
2011-10-30,-0.2641685071692797,0.9428543908255439,1.8158115523202079,6.5961477552141465,882.9059988839286,5.802287755693707,6.351667513166156,2.192547975267683,-1.2800394535064699,880.7089285714285,0.8693635829857417,22.75407148088728,885.0023158482144,12.207213592529298,7.114144039154054,4.847323335920061
2012-06-10,-0.3670619176836874,0.9857746208377647,5.584265572684152,25.235282897949222,870.8155831473214,19.48140476771763,5.039252526419504,2.4257257325308665,11.754303196498325,868.2299107142856,13.375282069614954,49.179503522600456,872.60625,26.114654105050224,9.271814128330774,6.039830071585519
2012-06-17,-0.5562530273392114,2.2630104129857144e-05,8.06593464442662,28.891809953962056,871.8937220982143,20.950826590401785,2.9786211831229075,2.9119288035801483,9.758711242675782,868.9608677455357,12.328536115373888,56.861334228515624,873.9299246651784,28.200189426967075,13.001988983154297,6.45179944719587
2012-07-01,-0.3537853485850541,7.3724618094308045,4.038708509717669,24.48647657121931,871.6571149553572,21.191278948102674,6.862530517578125,2.4243085452488486,15.750254603794644,870.0573660714288,16.737010410853795,40.14359501429966,872.7616629464286,26.24914136614118,7.084797758377056,5.1823474884033205
2012-07-08,-0.3255726392504585,1.5230003333105946,4.719526863098145,27.713448224748884,868.3595424107143,23.383147757393974,6.048306383405413,1.9149928501674105,16.85495801653181,866.7624162946429,18.276124572753904,48.85538242885043,869.6377650669644,29.25863603864397,7.780119132995606,5.522007043021065
2012-07-15,0.4419790117642768,0.9842075186123953,5.66239128112793,29.66478707449777,869.4511160714285,23.79808109828404,5.486736624581473,2.1787130355834963,15.98927307128906,867.7722516741072,17.539360700334818,55.97159031459263,870.6183175223214,30.239274815150672,10.342215074811662,5.594625854492187
2012-07-29,4.720730579057329,7.485035533756931,3.9535746983119417,25.618128967285156,871.67900390625,22.81732591901507,7.420599637712752,2.4148803165980746,17.862489536830356,869.7576450892857,18.66212310791016,41.451780918666294,873.1108677455358,28.00366516113281,7.318879754202707,5.438826315743583
2012-08-05,1.5159981328057963,4.301252247867756,4.262360681806292,26.314750017438616,872.7462472098215,22.67643715994699,7.161493464878626,2.289353207179478,17.424988882882253,870.9586356026786,18.26924067905971,42.75094648088727,874.0049107142858,28.14053213936942,9.020402065617967,4.918778773716517
2012-08-19,-0.2625089360319504,2.8948692739114574,3.995481027875628,25.00087498256138,874.5106724330356,20.916264125279017,7.053161784580776,2.3041986192975723,16.18882348196847,872.7262416294644,16.759417288643977,42.92002868652344,876.0149972098213,26.299202837262833,7.35106577192034,5.033039964948381
2012-08-26,-0.4035724827049288,0.48117087282792487,5.406910324096679,24.65669185093471,877.4461495535713,19.417286246163506,5.534165355137417,2.471684455871582,12.16774368286133,874.8236746651786,13.670835876464844,47.93712724958148,879.0745256696429,25.624913896833146,10.781553758893695,5.128488322666713
2012-09-02,0.7199571772669108,8.703671051487827,3.9325539043971465,22.873315865652902,876.1683175223216,19.30644989013672,6.495372717721122,2.4081736155918665,13.122581808907643,874.1931361607142,13.95291726248605,41.46772831508092,877.7305803571429,26.051485988071985,7.741506163871965,5.670041438511439
2012-09-09,-0.1164666759469846,1.4310642570271912,3.4311655589512418,20.034407043457033,879.5725027901786,16.477625165666854,7.011616734095981,1.9074087006705145,10.363837105887276,878.1101283482143,11.52089614868164,39.091973876953126,880.8438755580357,22.47134181431362,8.757057407924108,4.373939078194754
2012-09-16,-0.2658280783066088,1.5478227895717314,3.5139553615025108,15.785966273716516,880.76435546875,13.392135511125835,6.477746854509626,2.6080653054373606,7.892182595389231,878.7471121651786,8.955061340332032,32.92298692975725,882.3511858258928,18.927652849469865,6.790397535051618,5.849477059500558
2012-09-30,-0.2011048039507716,3.75607368593511,2.8082186290196005,13.457923780168809,883.5470982142857,11.1857415335519,6.49735221862793,1.7239001819065638,4.9177290575844905,880.86416015625,6.144807052612306,29.156105041503906,885.5418108258928,17.83424573625837,7.805221503121515,4.562003653390067
2012-10-07,-0.2044239462254299,0.8960808896943321,2.864966637747628,13.718185097830638,881.4418247767859,12.195906284877234,6.092086138044086,1.9461319514683315,4.939392961774553,879.2032366071429,6.917912237984794,31.322703334263387,883.0058175223213,18.86659567696708,7.615204320635115,4.659896796090263
2012-10-21,-0.2044239462254299,1.643587959000371,2.3006692205156596,7.716801452636719,881.5975446428572,7.405871527535574,5.579422923496791,2.352703775678362,-0.08638155290058676,877.7582170758927,2.0511163507189067,22.47191510881697,884.2089983258928,14.78331582205636,6.517885767136301,5.7222558157784595
2012-10-28,-0.2492323669333172,0.13630207961827454,2.3401609965733123,7.326693998064313,881.2290736607143,7.253756059919085,5.111483110700335,1.7547814096723282,-1.475419167109898,879.0314871651784,1.0606766053608485,26.427444458007812,883.2423409598214,15.379014151436945,7.828364617483956,4.423045458112445
2013-06-09,-0.3703810599583457,2.5483563213606986,7.109850202287947,27.190267290387833,870.2947126116071,22.273183550153455,4.781037085396903,3.6564506258283345,14.937713187081474,867.8372767857144,16.56091319492885,51.003622436523436,872.0618164062499,29.024390520368303,8.826239558628629,7.112504523141042
2013-06-16,-0.4035724827049288,0.6333569571375846,6.413272639683315,26.10032087053571,870.5814453125,20.656868852887833,4.439323043823242,3.5334700720650813,12.603874097551616,868.3495396205357,14.652596173967634,50.545367867606025,872.33544921875,26.57787148611886,9.021840912955149,6.839019121442521
2013-06-30,-0.3405087794864209,2.0121740743835943,7.2787418365478525,29.915551321847097,865.8708844866072,24.94343588692801,4.2813270568847654,3.07584103175572,16.01770956856864,863.7235909598214,18.28415897914341,54.12532523018974,867.4701869419642,31.662223161969866,10.90081787109375,7.515586635044643
2013-07-07,-0.1795303791654926,4.242390515760988,5.971554946899415,28.813152640206475,866.4041015624999,23.889764186314178,5.7024281638009215,2.610041155133928,16.56091068812779,864.2269531250001,17.72019609723773,51.68298601422992,868.0553013392856,30.779345267159602,9.326001957484655,6.670516041346959
2013-07-21,0.8054250908393624,5.046895689519755,4.414571625845772,25.3707037789481,869.1038225446429,21.81591796875,6.706171090262279,2.3683426720755443,16.283386666434154,867.38046875,17.0308846609933,41.79622846330915,870.2848353794643,27.473611014229906,8.157048892974855,5.508049065726143
2013-07-28,0.9664034911602905,6.555525809380788,3.653943797520229,25.714112636021206,869.1423967633928,22.05527779715402,7.230891363961356,2.1932837894984654,17.82527770996094,867.6665318080358,18.150101143973213,41.96796831403459,870.1648577008929,26.952322605678013,5.276136425563266,5.186203493390765
2013-08-04,1.8506783121671768,4.128282737731934,5.663441794259208,28.048275756835938,867.9307059151786,23.385110691615516,5.971492767333984,2.7331675938197546,15.68379189627511,865.4326032366071,17.207490757533485,51.27097952706473,870.0795619419641,30.461475045340404,10.111982727050783,7.331819534301758
2013-08-11,1.874635710893236,3.7627240747931596,4.6563446862357,25.9953866141183,869.4202148437499,22.397789873395652,7.048373413085938,2.6529866899762835,16.26611916678292,867.3593610491071,17.093337794712614,45.73251429966518,871.1296037946429,28.68481968470982,8.161251980917793,6.6673269544328955
2013-08-18,-0.2542110803453047,0.0032152844326836716,6.0333590371268135,29.57287379673549,870.9655831473216,24.289359392438616,5.7751291002546035,2.77437618800572,17.869188145228797,869.1525530133929,19.162789481026785,51.50657130650111,872.3167550223214,29.951841517857144,9.6588748386928,5.553178187779017
2013-08-25,0.1523838483003388,3.665966556544326,3.95448681967599,25.605820356096537,873.5736328125,21.575980486188616,7.210893576485771,2.455318968636649,17.63294525146484,871.8982700892857,18.037356785365517,42.471856689453126,874.7924107142859,26.50581316266741,5.308166994367327,5.0873491559709825
2013-09-01,1.650976585308568,1.367681612287249,4.326314817156111,22.435269383021765,873.8669084821429,18.31096627371652,6.264273943219867,2.533564267839704,11.881398119245258,871.6907505580357,12.664902823311945,42.96315264020648,875.4553989955357,24.812478201729913,8.298308277130129,5.748694283621652
2013-09-08,-0.3371896372117626,1.7002271745886122,3.4562438147408625,20.259941973005024,878.6726422991071,16.524307032993857,6.490038190569196,1.993195424761091,10.205997140066966,877.0126395089288,11.362435695103239,40.79983869280134,880.0901925223216,22.73665226527623,6.962993322099959,4.821836689540319
2013-09-15,-0.2210196575987215,1.126643696737301,4.012270709446499,20.82592577253069,874.9068638392857,17.7774913242885,5.907805415562221,2.0516072409493584,9.618211473737444,872.5999441964286,11.569102696010043,42.05563659667969,876.54130859375,25.33168683733259,8.283033970424105,6.16722412109375
2013-09-29,0.1274902812404015,1.5064453415361638,3.6846543720790317,15.741487339564733,879.1155273437499,13.082068743024553,5.188624845232283,2.1915484837123325,5.09984564781189,876.5475864955358,6.773416355678013,35.37703247070313,881.20771484375,20.76781986781529,9.565207999093193,4.863379096984864
2013-10-06,-0.1031901068483513,0.828311959654093,3.5255810873849045,16.47845415387835,879.078529575893,15.24454629080636,5.928598076956613,2.3320102964128764,7.503327887398856,876.3153180803572,9.97941790989467,33.66500701904297,881.0556361607144,22.48501477922712,7.907605947766986,5.507371030535017
2013-10-20,-0.2326366555600256,0.33628743205751693,2.1511474473135808,9.790314374651228,884.8638811383929,7.432280513218473,5.856607001168387,1.9877498899187358,0.531640195846558,882.2250837053571,2.244482707977295,29.430239868164062,887.2179547991072,14.116561889648438,7.502289090837752,4.763910021100726
2013-10-27,-0.2425940823840006,0.011614325708212294,2.3311849049159457,7.518380301339286,881.739174107143,5.858676092965262,4.411239542279924,1.976438386099679,-3.0005547932216103,879.6881277901786,-0.419672748872212,28.16992405482701,883.5760881696427,13.944165802001951,8.765657261439731,4.53605352129255
2014-06-08,-0.4085511961169163,1.6144539374001519,5.8634675707135875,26.03653172084264,870.5661969866072,20.7773923601423,5.018397903442383,2.6523827689034603,12.909320613316126,868.2266043526786,14.501403372628348,48.46326468331473,872.2431082589285,27.27578866141183,9.83032237461635,6.289403860909599
2014-06-15,-0.5363381736912615,0.01729448724451238,6.383653531755719,27.9934079851423,872.2659319196429,21.272003609793526,3.6217345646449495,2.249194063459124,11.760243443080357,870.2422293526786,13.89222695486886,52.74463631766183,873.8676897321428,27.602549961635045,9.856751142229355,5.230943352835519
2014-06-29,-0.5496147427898946,2.3015032623182505,5.044455392020089,26.267350769042967,871.2259347098214,21.77610582624163,5.615598351614816,2.2767746244158067,15.442483956473215,869.0616908482142,16.727523803710938,48.16424865722656,872.7282924107143,27.82207968575614,7.052479416983469,5.500496782575335
2014-07-06,-0.3488066351730666,3.377512731256346,5.034988457815987,27.21793212890625,869.4855608258928,22.39364209856306,6.1795366014753075,2.564455250331334,15.302559770856584,867.6057198660714,17.00078560965402,51.632050432477676,870.9789202008927,29.123032488141742,9.67573961530413,6.636183765956333
2014-07-20,-0.4019129115675997,1.4674695584892656,6.259178161621094,29.59424002511161,870.0778459821428,24.63546883719308,5.169144766671317,2.9267359597342355,16.492854309082027,868.1884626116072,18.358769444056918,52.57702244349888,871.3215541294642,31.151524135044642,10.896273367745536,6.510615158081054
2014-07-27,-0.478253183884741,2.3299399324825836,4.418250438145229,24.87671116420201,873.1952287946431,21.282321166992187,6.35412346976144,2.4740275927952355,15.751257978166853,871.1849051339284,16.42626953125,41.58298601422991,874.6814453124999,26.673892429896764,7.119991200699171,5.340016446794783
2014-08-10,-0.5172531056119761,2.6219157453094217,3.324550574166434,22.280126517159598,872.3995814732143,18.883249337332586,7.546955871582031,2.2103648049490796,15.272429112025668,870.7518833705357,15.538926914760044,36.3291499546596,873.6805106026785,23.63512246268136,4.255180186884744,5.169340569632394
2014-08-17,-0.4334447631768537,1.7257377258368898,4.158428764343262,22.54122728620257,873.308984375,18.785827854701456,6.19771374293736,2.1851653507777624,13.06198970249721,871.5019391741071,14.014822060721261,42.409372384207586,874.5281529017858,25.062969098772324,8.128191675458636,6.218229184831892
2014-08-31,-0.489870181846045,3.3042180221665283,3.70331780569894,22.022490801130022,876.2582728794642,18.877458626883374,6.456031799316406,2.1705447878156385,12.528886195591516,874.6868722098214,13.491058022635327,40.6528795514788,877.534263392857,25.23242863246373,7.663844367435999,5.214189311436244
2014-09-07,-0.3537853485850541,1.9163348759862981,3.8666297367640903,21.331789289202003,873.9870535714286,18.515568760463168,6.264924458095005,2.184005355834961,12.176577649797713,872.2513253348216,13.420361873081756,39.31373770577567,875.58896484375,24.577836172921316,8.264818613869805,5.075602231706891
2014-09-21,-0.257530222619963,2.1036033907811196,2.524760341644287,17.517377580915177,877.6482979910714,15.546407863071988,7.3370944976806625,1.8463160106113978,10.242391967773438,875.5244140625,11.160666438511441,31.81833169119699,879.3810128348214,21.519767325265068,6.0083523629873525,4.159767695835659
2014-09-28,-0.3056577856025086,4.621868628218024,2.3658141272408626,15.726964242117743,876.9818359375001,14.415350341796877,7.548758806501114,2.2216652325221466,9.643428257533483,874.9620675223214,10.36464636666434,27.8688722882952,878.7028599330358,20.12229527064732,5.648666268010753,5.119746998378209
2014-10-05,-0.1845090925774801,1.3398020986404426,2.7911033085414343,14.823406982421877,878.6608537946429,13.335981096540179,6.47748282296317,2.3499583380562923,6.91899642944336,876.1791294642857,8.740477970668248,30.326636178152906,880.5607561383928,19.659248788016182,7.52093162536621,5.635340826851981
2014-10-19,-0.3255726392504585,0.08369331724962062,2.6183925356183733,10.741319928850448,880.7862444196429,9.533382197788784,5.359712328229632,1.8759072712489535,1.3147092989512854,878.70458984375,3.4164720330919534,28.826913452148435,882.8554966517858,17.352931649344306,8.780889293125698,4.796715654645646
2014-10-26,-0.2757855051305837,0.0,3.16731436593192,12.463642774309433,878.187779017857,12.060632869175501,4.476471437726702,1.9134316989353723,1.819642925262451,876.0652901785713,5.110093743460519,32.97946995326451,879.8833147321429,21.086331830705916,9.099988555908203,4.22331063406808
2015-06-07,-0.3371896372117626,1.2138119524096267,6.261665507725306,23.291337585449217,871.6254464285714,19.341681562151223,3.6676196234566825,2.9852103097098217,11.359963444301062,868.8918387276786,13.586105782645088,44.50225394112724,873.7780133928572,25.666057041713167,8.425803456136158,7.575528117588589
2015-06-21,-0.5197424623179698,0.5456481837937678,6.315992627825056,27.954907662527905,871.2131556919642,21.40010136195591,4.535073716299874,2.705908448355538,13.696105085100445,868.9222795758927,15.230035836356025,52.37840750558036,872.9548828125,27.688688659667967,9.077660860334124,6.130649784633092
2015-06-28,-0.2597350814167002,2.343668017546796,4.459342929295131,26.348309108189174,868.0738839285714,21.477260262625556,6.3665249960763095,2.4534266335623607,15.665296500069756,865.7357421875001,16.450988769531254,45.22052001953125,869.6247488839284,27.29849352155413,5.951466889040812,5.464856011526925
2015-07-05,-0.294638233250643,0.799235496366407,5.9491334097726005,28.42866864885603,870.218345424107,22.9561043875558,4.765310995919364,2.564464732578822,15.756691523960658,868.3546316964284,17.062258475167408,50.852086530412954,871.4658621651786,28.764413888113836,9.231009183611189,5.666933277675084
2015-07-12,-0.4692914997431635,0.9365344370259016,6.203622817993164,29.417870221819197,872.4534319196428,23.413135201590396,4.856600843157087,2.55279472896031,15.32686048235212,870.1404157366071,17.122100830078125,52.7984606061663,874.0392299107143,29.746266392299106,8.664291981288363,6.130250603812081
2015-07-19,-0.4410455989858212,1.751649815779641,5.934891836983817,27.722573634556362,869.3589564732143,21.958540998186383,5.159672110421317,2.5041600908551898,15.043050057547434,867.2884626116072,16.341032409667967,54.83294067382813,870.9486467633927,29.068826293945314,8.190974317278181,7.397768783569336
2015-07-26,0.0103245589449629,1.7327640289316022,5.410506929670062,28.540626743861605,870.276771763393,23.3290542602539,5.291634041922433,2.1157906941005162,14.761036682128903,868.3651785714285,16.674368504115517,53.71669747488839,871.7393275669643,30.743885149274554,9.533069719587052,6.604769080025809
2015-08-02,0.4535507486945627,1.9019225173759753,6.409035437447685,32.13795689174107,868.0837751116071,27.11452745710101,5.236834553309849,2.8663158416748047,19.651131112234932,866.2034040178571,20.969344438825335,55.1880606515067,869.5946707589285,33.84274640764509,8.780785751342775,6.240057046072823
2015-08-09,-0.3056577856025086,2.671422415599227,5.29101824079241,26.327561732700893,872.6866071428573,22.16334773472377,5.6453776223318926,2.268200847080776,15.059859357561383,870.44072265625,16.279048592703685,47.831748308454245,874.2991768973216,29.278792463030133,8.871703938075475,6.270783397129604
2015-08-16,-0.4703702209824274,1.9409928067886673,4.306518036978585,24.800615583147323,873.5295479910714,21.248968723842072,6.137642669677734,2.196907561165946,15.23914533342634,871.9179827008927,16.458169773646766,43.66720537458148,874.8939313616071,26.904743957519532,7.228525679452079,5.584625516619001
2015-08-23,-0.5443041151504414,0.6324706306764654,5.945718819754464,26.025726972307478,874.2975027901786,20.7885744367327,4.113357925415039,1.966956274850028,12.010607365199494,872.2082449776786,13.67634015764509,52.98263767787388,875.691001674107,27.873130580357138,10.559704807826451,5.620993259974889
2015-08-30,-0.5947550777252478,0.2917234936629289,5.383810642787389,27.44817068917411,873.57666015625,21.282161167689733,4.815616171700614,2.0373815264020654,12.603360203334264,871.4994140625,14.363275146484375,55.912893240792414,874.9437779017857,28.907375662667416,10.451895686558315,6.428636223929268
2015-09-06,-0.4301256209021954,2.831114449792832,5.019440351213729,23.62595955984933,875.3067243303573,19.360945129394533,5.627613721575055,2.7102110454014365,12.275309099469865,873.2349330357143,13.745264325823102,44.58307233537947,876.7737723214286,25.47916673932757,9.472881753104074,5.897776085989817
2015-09-13,-0.1795303791654926,4.226894315265151,2.778229018620082,17.22408076695033,879.6223493303571,15.195854513985774,7.2128757476806635,1.9858930860246933,10.629846518380301,877.722265625,11.325216947283065,30.63712724958147,881.1482700892857,19.944669015066967,5.611053321182927,4.823495265415737
2015-09-20,-0.2923812165038753,1.0447014857783066,3.101739256722587,19.321221705845424,878.1764090401786,16.649229649135048,6.754962703159877,2.2448555265154155,10.348421696254187,876.2447126116073,11.749656241280691,37.12837393624442,879.7973493303572,22.571456473214287,7.742582430158342,4.592368425641742
2015-09-27,-0.3670619176836874,0.8734238950815197,3.498936653137207,18.56763523646763,874.3061523437499,15.577353341238839,6.05225557599749,2.225910786220006,8.320502580915178,872.0924246651787,9.925900813511443,37.98413434709821,875.9139369419644,22.065275573730467,7.804020064217704,5.97976608276367
2015-10-11,-0.3629129898403645,0.25348898947946,3.292682593209403,12.01831512451172,881.8163783482144,10.118182046072823,4.553249904087612,2.494902638026646,1.812537322725569,879.2534179687499,4.0285911491939,31.091683523995535,884.1277064732143,17.35360107421875,8.993112237112864,5.58455810546875
2015-10-18,-0.3687214888210165,0.779774576035462,2.6456581115722657,12.434916033063617,881.0300641741071,11.324185725620813,5.709409005301339,1.897032724108015,2.7549571718488424,878.721275111607,5.177997337068831,30.70273960658482,882.9221261160716,19.10839385986328,7.74867752620152,4.4627859388078965
2015-10-25,-0.3272322103877876,2.2150530708687652,1.944596815109253,12.15103966849191,877.6953125,10.859328896658763,7.150864246913364,2.4021896771022253,5.273317664010185,875.3813337053571,6.744214085170201,25.684229823521207,879.7740513392857,16.712228175571987,4.567959871840764,5.2979681559971405
2016-06-05,-0.2844152750446954,2.764406523370833,4.302473040989468,23.076727948869976,870.5017159598214,19.173390197753907,5.837279619489396,2.408200182233538,13.073589760916574,868.2298549107144,14.436940874372208,43.73347342354911,872.2621930803572,24.79540710449219,5.792702848570687,5.925704411097935
2016-06-12,-0.1778708080281634,1.4779147899410288,4.927669089181082,24.20076184953962,872.1016741071428,19.908571951729908,5.68163675580706,2.3645470074244908,12.533133152553015,869.495396205357,14.082956695556643,46.775811331612715,873.9396902901786,26.631912231445312,8.82887704031808,6.133716583251953
2016-06-19,-0.3505076955888291,2.0370319228818907,5.824674878801618,25.049504961286278,868.2076869419643,20.925306047712052,4.627660288129534,3.151372391836983,11.930316489083426,865.1588588169643,14.44688252040318,46.93209620884487,870.848060825893,27.802793666294644,9.839165333339148,7.513034003121512
2016-06-26,-0.3156152124264835,1.2046831310512303,5.85026959010533,26.930592346191407,871.8481445312499,22.04942844935826,4.756829970223563,2.5730903897966653,14.298521641322546,869.614536830357,15.76353519984654,49.031829833984375,873.4196986607143,28.53422415597098,8.425462695530484,6.264841624668667
2016-07-03,-0.5847146723444064,0.9005237136707398,7.010311017717634,29.834864589146207,868.7513113839285,24.035289437430247,4.009791128976005,2.9210701261247913,14.516403525216235,866.4053571428569,16.507139587402346,55.7128169468471,870.6314871651786,31.280288696289062,11.070936475481306,7.17624980381557
2016-07-10,0.7378963509894686,9.692482216656208,4.649148069109236,25.93335658482143,870.27939453125,22.5847898210798,6.937539236886161,3.611391639709472,17.719781058175226,868.3167271205358,18.440457807268416,41.33973955426898,871.72060546875,27.648051452636718,5.242611646652221,6.938769912719727
2016-07-17,0.520532045597857,5.270489385042514,3.900693321228027,24.679114205496653,869.274609375,21.58233664376395,7.086609595162527,2.3628844397408626,16.11623011997768,867.1594587053571,17.155532182965963,41.27113865443638,871.03916015625,27.177149745396203,7.2570324991430555,5.924873515537807
2016-07-24,-0.1737218801848405,4.725739339971383,4.187324442182269,25.96124093191964,868.6488699776785,22.326031058175225,7.000883265904018,2.2007424082074847,17.112203979492186,867.2175502232143,17.637974548339844,44.209616960797995,869.8813197544642,28.099687194824217,6.271826827610035,5.154142488752092
2016-07-31,-0.2983556725982603,0.15385788271159986,5.697796249389648,31.116241019112724,871.1253348214285,25.25894339425223,5.7654273986816404,2.351598957606724,17.538716343470984,869.225404575893,19.193268912179132,54.8495609828404,872.41259765625,31.796724155970974,10.93818370274135,5.324381855555942
2016-08-07,-0.4494181353736468,0.4315089914646412,5.606563568115234,32.239809308733264,873.5049804687499,25.25690133231027,6.053623144967216,2.1771256038120814,18.34451620919364,871.4807896205357,19.399505179268974,57.381092180524554,874.8647321428572,31.208329990931922,10.698993137904576,4.928981018066407
2016-08-14,0.4934257170214809,6.511633096422467,5.140851538521903,29.458117457798547,871.6336635044644,24.313284955705914,6.980330930437361,2.880237661089216,19.922112819126674,869.8608258928573,20.429123360770095,50.80365251813616,872.9729492187499,29.514982604980467,6.88966121673584,5.709147644042969
2016-08-21,1.6484872286025742,11.544965362548826,2.5104518072945736,23.793770272391182,870.21220703125,22.60117383684431,8.287647465297153,2.1840454510280067,19.488194492885043,868.2544224330356,19.83475145612444,34.63700866699219,871.9628487723214,26.915776062011723,3.044914054870606,4.646859632219587
2016-08-28,0.3226973362687436,1.1881145860467641,3.7428391047886445,22.09510650634766,876.6081752232142,19.794515773228234,6.620987156459265,2.307778835296631,14.31742902483259,874.3562499999999,15.651355198451451,36.825922502790185,878.0785574776785,24.764201572963167,5.98653383936201,4.810102408272878
2016-09-04,-0.1354595456297517,0.09863579788112216,4.70684836251395,23.898675755092082,872.3494001116071,19.700867789132253,4.969360079084125,1.966190024784633,11.988747514997211,870.26318359375,13.52999049595424,46.94892185756139,873.8172712053572,26.397528076171877,9.160321916852679,5.4529265267508364
2016-09-11,-0.0977965006520316,1.7048414937489722,3.486872754778181,19.859534781319756,876.1913922991072,16.523429870605465,6.429628372192383,1.8735948698861258,10.07857208251953,874.195396205357,11.140097481863839,38.31023951939174,877.9350725446428,23.63039027622768,7.878997448512485,4.879721832275392
2016-09-18,0.0212777284513353,2.9909792428303583,2.721803883143834,19.085587201799665,879.0033203125,16.44839848109654,7.363973781040737,1.6558576720101492,10.645010375976563,876.995912388393,11.627681296212332,36.62615138462611,880.2488141741071,22.653925868443075,6.679859631402153,4.212533732822963
2016-09-25,0.0961658760233137,1.1256573098046438,3.0449704306466243,18.915945870535715,877.1900390625,17.09287828717913,6.901852090018136,2.0559318406241283,10.072975921630858,875.1917410714286,11.546364048549107,35.90160696847098,879.0708565848214,24.208241053989955,8.429250390189035,5.70891102382115
2016-10-02,-0.1316102625751132,0.6726034517568353,3.3041490282331187,17.54604230608259,878.1435267857142,15.030767168317523,6.497508784702846,2.1394676208496097,7.701873234340122,875.2815708705356,9.22681813921247,35.47145211356027,880.4334681919644,22.394737679617748,7.618923459734235,5.208601052420479
2016-10-09,0.0662935955513888,3.2765669551564933,2.8614724840436665,12.760605403355191,878.8333426339286,11.769248744419643,6.0918745313371945,2.3809028897966655,5.061242832456316,875.4785016741071,6.815958261489869,25.97175619942801,881.0906389508929,18.312270464215963,5.8481277193574766,5.846710750034878
2016-10-16,0.0758361295910315,0.08716745940244953,2.45348995753697,13.307946995326448,880.0233258928572,11.754107012067522,6.456284877232142,2.1455767904009133,4.731716973440988,877.9634068080358,6.715735953194754,29.442667279924667,881.6095424107143,18.090764508928572,6.826109177725656,4.832715415954589
2016-10-23,-0.0710359160625989,2.164199556623186,1.8839483261108396,11.879953111921038,877.1112862723214,10.854929242815292,7.227440370832172,2.327108464922224,5.330070849827358,874.9513392857142,6.42022102900914,24.132230704171313,879.3379603794644,16.46005183628627,4.485119470528195,5.2155390603201734
2016-10-30,-0.1009081965345237,3.315584079007645,1.1736911364964075,6.434302602495466,881.5581891741073,5.325125224249703,7.17502566746303,2.2821296419416153,1.4570858546665735,878.8035435267856,1.791630159105573,16.925857979910713,884.67255859375,10.279256112234933,4.512813712857522,5.18472284589495
2016-11-06,-0.1607219062757621,0.28495802198137554,1.7583458219255719,5.064946392604283,880.3798967633929,5.012948908124651,5.699148505074637,1.9417268753051764,-1.8965074471064975,877.7497628348214,-1.0236914225987022,19.632969883510043,883.1830078125001,13.415337044852121,7.600032438550677,4.530549430847168
2017-06-04,-0.5474241088886203,0.394751985775656,6.858433750697545,28.680066789899552,869.5421875,22.698494393484932,3.363171659197126,2.694940103803362,13.750228227887835,867.2646902901787,16.13019714355469,54.13429827008928,871.1351841517857,29.32233603341239,8.956387301853722,6.1959614889962324
2017-06-11,-0.2212893379085375,3.7888501883384644,3.9434431076049807,21.94076385498047,872.2350167410715,18.401776994977677,5.806335830688476,2.3434671129499165,11.805477360316683,870.3487444196429,12.693886021205357,40.22062465122768,873.7661830357143,24.54414803641183,7.610336693695613,5.899735913957868
2017-06-18,-0.2138835017082062,1.3925929614475796,5.840508215767996,28.230923243931358,872.2394949776784,22.689170619419645,4.725231770106724,2.6405369077410015,14.662507411411829,870.0430106026786,16.21578369140625,53.475676618303574,873.9148577008928,29.906990269252237,9.478270612444195,6.822161701747349
2017-06-25,-0.1889346156103579,2.2028723311928062,4.660411507742745,24.01429225376674,869.7305106026786,19.767877633231024,5.62609465462821,2.175118282863072,12.408114406040738,867.8102678571429,13.498744855608257,46.02973066057478,871.1137834821428,26.64247894287109,8.2710330418178,6.682990373883928
2017-07-02,-0.4340848834726806,0.3470765770195482,5.961865615844727,31.10155552455357,870.3958147321429,24.955131094796315,4.457213483537947,2.2223896844046456,16.033278547014508,868.3475027901786,17.520440673828126,57.85921892438618,871.8438197544643,32.121493094308036,10.229080527169364,5.757154137747627
2017-07-09,-0.251325979752717,3.9169258629265182,6.005511202130998,29.03768768310547,869.13125,24.553589957101003,5.091281591142926,2.3942580086844307,17.171118164062502,867.0801199776787,18.218147495814733,50.65876072474888,870.6985909598213,31.84209333147321,9.248417888368879,6.093866620744977
2017-07-16,-0.3586960195804111,0.5681169868513408,7.2163551330566404,33.72633492606027,868.8606584821429,27.25875200544085,4.102773720877511,2.5476772580827984,18.440412684849328,866.8005161830357,20.221742248535158,60.047643171037954,870.2408761160714,34.69921177455357,10.375283922467911,6.354802594866072
2017-07-23,-0.4711924630459224,3.284374283220053,5.3323781694684715,32.21743425641741,870.4027622767857,26.35224761962891,6.141362980433873,2.3907936913626537,20.857805524553573,868.4606166294643,21.452349417550227,56.140907069614954,872.0237723214285,32.60938066755022,7.496919740949357,5.720300347464424
2017-07-30,5.20715139965024,11.974097569532958,3.169732992989676,23.711738150460377,872.2506277901786,20.970609610421317,7.758398655482701,2.0322137696402414,17.386449105399,869.94990234375,17.253590611049106,36.092549787248885,874.1416015624999,25.986750357491633,4.314764657583354,5.3471589769635886
2017-08-06,-0.2473883990029515,1.17796617510476,4.901072311401367,28.69976850237165,869.7904436383927,23.95442504882812,6.0672767639160154,1.976865645817348,17.625594656808037,867.8603097098214,18.465316118512835,48.7706059047154,871.2686244419643,29.94931422642299,9.967520359584261,4.616448811122349
2017-08-13,-0.3491754287591398,2.1603109509018914,5.041633333478655,27.28497401646206,868.5030691964284,22.977065822056364,5.488370077950614,2.2051241738455634,16.432633100237165,867.168540736607,17.664246477399555,49.513011823381696,870.4345005580357,29.752777971540176,8.399714960370746,6.280262647356307
2017-08-20,-0.3031684288965148,2.0558096305146525,4.229149246215821,27.554278782435826,871.8331473214287,22.892802865164622,6.542913382393972,2.1293895448957167,17.17986973353795,870.1540039062501,17.669843401227677,47.98150155203683,873.187109375,29.179839651925224,8.370220456804548,5.196169172014509
2017-08-27,0.7928506479911374,12.907390613215313,2.458788790021624,18.766200038364957,876.0921037946428,17.189649309430806,7.542475727626256,1.7100656100681848,13.373582458496092,874.2741629464284,13.738139234270369,29.676493181501115,877.7066824776786,21.793214198521206,2.7188935637474065,4.231811141967773
2017-09-03,0.3851387003107533,1.9851255090474738,2.665253366742815,20.056302315848217,876.8819754464286,17.077088274274555,7.455993107386999,1.893671335492815,11.88968745640346,874.7521065848215,12.62019544328962,35.80106593540736,878.5417271205357,22.6132319859096,6.5552896227155415,4.47478152683803
2017-09-10,-0.0894986449653858,0.7512075431329874,3.6339898790631975,22.193303571428572,874.8556640625,18.922786821637835,6.075744792393275,2.112806919642857,12.210673740931918,872.9580496651786,13.921358054024836,41.68398873465402,876.2566685267857,25.380495779854908,7.252505166190011,5.322368621826172
2017-09-17,-0.2141739266572387,1.9173584529331753,3.6522463934762137,22.488979884556358,877.8580078124999,18.648583112444193,6.356791904994419,2.2922845976693296,12.44317103794643,876.1541434151786,13.393520355224608,42.692251150948664,879.3855189732142,24.788029044015065,7.179391697474889,5.094430596487863
2017-09-24,-0.1399081182617589,0.35486373562070306,3.901282337733677,20.80382123674665,874.9285435267857,17.895671081542964,5.213545663016183,2.1070070539202006,9.400601250784735,872.9279157366071,11.727299826485767,43.73625270298549,876.5620675223215,25.364944675990518,9.115416281563897,5.28038820539202
2017-10-01,-0.1511102234387308,1.2809304036059714,3.2568441663469585,17.730638776506698,876.0924804687501,15.14880098615374,5.9323498862130295,1.9423587254115515,8.547044045584542,873.7093610491072,9.997234943934851,37.04258422851562,877.7350306919643,21.898757280622213,7.001529639107841,5.272552871704102
2017-10-08,-0.1769488240629806,3.6313221129159197,1.4900728361947198,13.04931640625,879.9367047991071,11.25842045375279,7.822960880824498,2.414690726143973,7.973132269723075,877.4401367187501,8.588137817382812,23.756400626046318,882.2477539062501,15.307441711425781,2.4491955914667676,4.881522369384766
2017-10-15,0.4206416685700448,5.191492398129744,1.4357761519295826,8.2597044808524,883.0348911830357,6.377243859427316,7.741756984165737,2.2286136763436453,1.4952779241970606,880.9626534598212,2.120590274674552,21.529656873430522,884.9180803571429,12.37795126778739,5.2102131621995795,4.668004635402135
2017-10-22,0.0131873191568557,1.4963286632562016,1.473840992791312,10.329998670305525,882.1253348214286,9.027164677211216,7.699024036952427,1.8736061777387345,3.7975758007594527,880.4250976562499,4.9739468438284735,23.725533294677735,884.0582868303572,14.818045806884768,5.424581909179687,4.305154391697474
2017-10-29,-0.032658333511862,1.0566724023172616,1.7434022630964006,8.570684106009347,883.0983677455358,7.570773492540632,6.293692834036691,2.171670286996024,1.481253514971052,880.4137695312501,3.1438255855015345,22.66405051095145,885.1506138392857,13.884851074218753,6.189969311441693,4.716046033586774
2017-11-05,-0.0323817383223073,0.0017216268335928583,1.9900165012904574,7.301026916503907,882.3881556919642,6.817887169974191,5.625954110281809,1.9190660885402135,-2.045479498590742,879.1759068080356,0.8694628306797573,25.211378914969305,885.3234095982143,14.81206316266741,7.781419154575892,4.582409232003348
2017-11-12,-0.0500838304538183,6.103627127527846e-12,1.9449230194091796,4.725368009294782,880.1403878348216,4.745421477726528,5.183302143641881,2.4102415629795617,-3.712458917072841,877.4084681919643,-0.6093744845262598,21.75605228969029,883.0560825892859,11.792030116489954,6.974144853864397,5.504332242693219
2017-11-19,-0.162934667792201,7.086580211534966e-10,1.3912400109427316,-0.4771615300859725,881.2927455357141,-1.550346006665911,4.091145542689733,2.1273541859218055,-8.615573719569614,878.1608956473214,-6.727949142456054,16.920479038783483,883.7778180803572,5.78343734741211,8.18958980015346,4.865688323974609
2017-11-26,-0.1164666759469846,0.0,1.671737575531006,-2.4397449493408208,882.0805106026785,-2.0724111557006837,3.713022068568638,2.9054539816720144,-10.753190394810266,879.4459821428571,-7.815033830915178,14.572686113630024,884.8177315848216,5.23174991607666,8.48261980329241,6.991240637642997
2017-12-03,-0.1031901068483513,0.0,1.2869103295462472,-3.0937334094728746,881.6430943080356,-2.9549707412719726,3.862910079956055,2.0776304653712683,-11.229292188371932,878.3624860491071,-8.159995542253766,14.645011029924664,884.0543526785714,4.385855487414768,8.088314928327287,5.20931031363351
2017-12-10,-0.1214453893589721,0.0,1.0716614178248816,-6.276861027308873,883.0071707589287,-6.431456266130721,3.935160718645368,2.1576364244733535,-15.076390947614396,879.5135463169643,-12.02510049002511,11.964880044119697,886.8632672991071,0.6103693962097166,8.290863691057478,5.3885456085205075
2017-12-17,-0.2376153689720131,0.2712789305643173,0.7082393169403075,-6.022424643380302,884.4245814732143,-6.389559391566685,5.228782381330219,2.266292095184326,-12.759264700753349,882.1065708705356,-11.120293862479073,7.302121557508197,887.0412248883929,-0.05516530105045853,6.076648252350943,4.501647186279297
2017-12-24,-0.2691472205812671,0.016211693521056857,0.9744622366768972,-5.904692568097795,885.2427455357143,-5.153596224103656,4.520216587611608,2.2648592812674386,-13.963487897600444,883.0631556919642,-10.637837655203683,10.354906899588448,887.8634765625,2.2895798342568527,6.901813289097379,5.83379898071289
2018-01-07,-0.332210923799775,0.6511785158355321,0.4808949674878802,-5.393117414202009,880.6869698660714,-7.383299091884068,6.462240600585937,2.3171896525791715,-9.89166990007673,878.3793247767856,-10.565096173967634,2.248051731927054,883.0916434151786,-3.26559568132673,2.142054887569144,4.535886028834752
2018-01-14,-0.4168490518035621,0.007422843178041395,0.6951037815638951,-7.934714072091238,881.6809988839286,-8.980326625279018,5.637670462472097,2.6724278722490586,-12.78447984967913,879.5432338169643,-14.575470297677176,1.1512664794921876,884.2808314732144,-1.636820581981114,8.371349225725448,5.7626350947788785
2018-01-21,-0.2840833608172295,0.0169006483895438,1.0396677017211915,-4.8758259364536825,876.8848074776787,-4.510122353690011,4.443513052804129,2.4591209411621096,-12.608669063023159,873.1193917410714,-9.848836081368583,9.740058244977678,879.9960937499999,2.5044436327048705,6.52259646824428,6.20068130493164
2018-01-28,-0.3023386433278502,0.13292839777597823,0.5506117071424211,-8.027084568568638,880.0696428571428,-10.8921991620745,5.311692646571568,2.5417701448713026,-15.565839385986326,877.3271205357144,-15.325474875313896,6.771988105773926,882.1678989955357,-5.061232791628156,5.6239672029973,5.370112446376256
2018-03-11,0.0677457202965519,6.262418547911e-05,2.872958891732352,6.249094908578056,878.776157924107,4.40105803012848,3.593586077008929,2.368704605102539,-6.591550581795829,876.3121233258928,-2.6043435709817073,32.191027614048544,881.1572126116072,13.33619613647461,8.755858067103794,5.390446635654994
2018-03-18,0.0096607304900312,0.718543837808407,3.5959366117204943,10.226288386753629,873.6171735491072,8.715982164655415,4.393191719055175,2.7863092286246167,-0.4448561566216606,870.5384765625,2.751109286717006,31.076905822753904,875.5859793526785,16.633939579554966,6.574347094127107,6.165157100132534
2018-03-25,-0.0749773975137557,0.5137915508060782,2.940784386226109,9.321318599155973,877.9095284598214,7.428828484671456,5.069873973301478,2.139091954912458,-1.2588507456438882,875.5740652901786,1.5125677998576845,30.701339285714287,879.8778180803573,14.345525578090122,7.929887935093471,5.176986912318639
2018-04-01,-0.1264241027709596,2.076948897390883e-09,5.792198780604771,16.786669921875,874.9697823660714,14.99795488630022,2.884455599103655,3.0602438517979214,3.5327527863638744,872.4139927455356,7.502041081019811,40.934331403459815,877.4208286830357,23.19782366071429,9.341796221051897,7.0480325971330915
2018-04-08,-0.2226792287360507,0.6926470315273247,4.396412658691406,11.57644260951451,877.1204659598214,8.473089613233293,2.9843071120125906,3.726700019836426,0.3930343900408065,872.7154017857143,3.0044666017804835,32.61411241803851,880.3012834821428,15.921376473563056,8.631618419715336,7.696263667515346
2018-05-06,-0.3156152124264835,0.240310732004595,7.884934997558595,21.252705601283484,875.0672014508929,16.038214874267577,2.9903919492449083,2.660727936880929,6.50652585710798,871.9517717633928,9.268086515154158,45.78530491420201,877.1982979910715,22.845454624720983,8.43930162702288,6.515596008300782
2018-05-13,-0.3853172001943081,1.8052443735660408,7.555970001220702,20.474547031947548,873.3717215401786,16.558671569824217,4.778789602007184,2.744688361031669,7.891255351475307,870.7423549107142,9.984186553955078,41.527819388253356,875.4544084821429,23.260055324009482,8.341300127954622,6.315960693359377
2018-05-20,-0.2353472884176632,3.749652379969277,9.568245806012836,25.84657374790737,867.7144949776784,20.810682242257254,4.974517440795899,2.9836280005318785,13.228195517403739,864.8945033482142,14.728981672014509,47.008465140206475,869.3670619419644,27.763771711077005,9.015946865081785,6.485732923235212
2018-05-27,-0.2525515092079755,3.20585645117631,8.154627990722657,21.28151637486049,874.2782087053571,16.968990652901784,4.441632897513254,2.914659581865583,8.640777260916574,870.1242047991071,9.898578098842076,40.482894025530136,877.2400530133928,23.97040339878627,9.432819370712554,6.850854601178851
2018-06-03,-0.4532351489895039,0.015574196406773157,10.381526729038784,26.508445739746094,875.7681640624999,20.02752925327846,3.181060218811036,2.3608279636928016,10.437158530099053,873.6085379464287,12.44472405569894,51.30909903390067,877.1193080357144,26.099696786063056,10.441755185808455,5.5139659336635045
2018-06-10,-0.4855345522497726,0.31649259871318336,10.08554164341518,26.21156507219587,872.9142438616071,20.307422092982705,3.466616657802036,2.5972208295549666,10.916922106061662,870.3402064732143,12.939427512032642,51.786865234375,875.2846400669642,27.703051321847102,9.352154922485353,6.2874863215855195
2018-06-17,-0.5164417597226152,1.4818808051159391,10.162871932983402,27.37683694022042,867.8053431919643,22.154771641322547,4.179149327959332,2.5978036063058036,13.48478066580636,865.5523856026786,15.425071062360491,50.79426792689732,869.232993861607,28.952379281180242,8.015482055262792,6.110217884608677
2018-06-24,-0.3087003326876121,3.1592629703426995,7.503569303240094,27.438370840890066,869.167578125,22.571972438267295,5.8414943695068375,2.213687814985003,15.605094037737164,867.4596261160714,16.596745736258367,48.66372593470982,870.6021205357143,29.021102905273438,8.626534816196985,5.405099541800363
2018-07-01,-0.4960313396933795,1.5624124466266678,8.848095321655274,29.244691467285158,868.954994419643,23.72737470354353,5.317864717755998,2.202397973196847,17.342173331124446,867.356849888393,18.18351026262556,52.59295000348772,870.3147321428571,30.051636178152897,7.940255887167795,5.427009582519531
2018-07-08,-0.4098788530267797,1.8153622167482324,6.393101555960519,27.397946166992188,868.7881975446428,23.224183654785158,6.488638033185686,2.0483246667044503,18.169910321916852,867.283203125,18.713087681361607,45.521153041294646,869.8613420758929,28.37112906319755,5.252230398995536,4.8109534672328405
2018-07-15,0.7319646625546451,8.971413722522657,6.716904067993164,26.436017935616633,870.0798688616071,22.424602835518975,7.351567731584821,2.8177781786237444,18.271283830915177,868.4200753348214,18.45838579450335,42.62677481515067,871.4699637276784,27.41869354248047,6.48576923097883,5.8954952784947
2018-07-22,1.1854668812877391,7.457511731556482,5.854708916800362,26.188580758231023,868.6857142857142,23.463053894042964,7.887572043282646,2.7333842413766045,19.666212245396203,866.9109375,19.660261971609934,39.44232918875558,870.0312918526786,28.529168483189178,5.474723243713379,6.0996250152587885
2018-07-29,-0.2635461679927812,0.9252408086419915,7.776733398437501,29.189518955775668,869.952553013393,24.42440185546875,6.608326176234654,2.897673443385533,18.959206499372208,868.0148158482143,19.58482644217355,48.18201729910714,871.2234235491071,29.659204537527906,10.295911080496653,5.678590175083705
2018-08-05,-0.4341915701886518,0.019822454495956494,8.170426504952568,32.35643441336496,871.2456333705358,25.950911167689732,6.220230647495815,2.423782648359026,20.23344988141741,869.3551897321429,20.72452588762556,56.036530412946426,872.4881556919644,31.437407139369416,9.520730699811663,5.209692873273576
2018-08-12,1.1118649013471915,11.036196517944335,6.005494417463031,27.166451372419083,871.0197405133929,23.526722935267856,7.544306400844029,2.1550437246050156,19.73300999232701,869.1748046875,19.515354701450892,44.157271466936386,872.5958426339284,29.33087812151228,5.56003110068185,5.720592062813894
2018-08-19,0.220124524724047,1.1631354440136679,6.323870141165598,26.9651844569615,873.7369419642857,22.683669825962614,7.158009338378905,1.83052099772862,18.242349897112167,871.651283482143,18.349319022042415,45.052271379743296,875.126743861607,28.1711907523019,7.747628021240236,4.523042896815708
2018-08-26,-0.246861551022847,0.9818382971271473,5.862565231323242,25.110234723772322,872.6048688616072,21.014597865513394,6.751751218523297,1.8129994528634208,15.495282200404576,870.7746651785716,15.836259896414617,44.55499267578125,873.8529436383927,27.064303806849885,7.47106443132673,4.433554404122488
2018-09-02,0.41824714450047,7.8663978697389085,5.053795841761998,23.855838230678014,872.5555664062501,21.243297685895644,7.396186883108956,2.562342098781041,17.899705069405695,870.8765764508929,17.930143737792967,37.48025207519531,873.8726283482141,25.659592110770088,3.6972059616020743,5.298939514160156
2018-09-09,0.0472085274721035,0.013452458986687685,7.0747082301548545,19.42538822719029,877.0166573660714,15.832860456194197,5.536401421683176,2.0989929744175506,8.985665839059013,875.0234933035715,10.128184400285994,38.23170209612165,878.5621512276786,22.060242353166853,8.688059697832378,4.576671600341797
2018-09-16,0.0882137643236114,1.4000321067753252,4.693502589634487,18.15642721993583,878.5490094866071,14.98736060006278,6.787046650477818,2.3856071472167963,10.17428196498326,876.3826729910714,11.04797330583845,35.376048932756696,880.2424665178571,20.845475115094867,5.551048496791294,5.2244679042271205
2018-09-23,0.0671233811200533,1.660205805972302,4.51536727632795,15.038240160260882,879.7657505580356,12.41363024030413,6.270623452322824,1.5459556988307408,6.830957126617432,877.9618861607144,7.644562230791365,29.769725472586494,881.36904296875,18.421845136369978,6.384347067560468,3.8116895948137555
2018-09-30,0.0494904377859311,2.951198778940099,4.613639150347028,12.540631212506977,879.4453543526786,10.876101248604911,6.758438709803991,2.624141638619559,6.046073416301182,877.3894670758929,6.800579479762486,25.970961216517857,881.1851562500002,16.23538382393973,5.60330901827131,6.357230159214565
2018-10-07,-0.0598338108856271,0.05670821494984301,3.110963875906808,12.60095792497907,882.5603794642857,9.778789956229074,4.9442188262939455,1.900781808580671,1.5395324945449829,880.46474609375,3.116724668230329,33.458832223074786,884.3989955357143,17.910990251813615,9.540526144845145,4.395290265764509
2018-10-14,-0.121445389358972,0.44785794807616724,2.70973984854562,10.589266967773439,881.0676060267858,8.118958827427454,4.982490812029157,2.09630549294608,-0.20694437026977525,878.9077985491073,1.4252433402197704,31.304225812639512,882.7571986607143,15.803378295898439,8.353071812220982,5.2073029654366625
2018-10-21,-0.0372221541395173,2.360046003136399,1.542600345611572,9.210025678362168,880.1379185267858,8.117066356113979,7.229790714808873,2.4305496488298695,3.890386479241507,878.4159458705357,4.781042044503349,20.9740221296038,881.6925502232143,12.975131661551341,3.676042091846466,4.925078855242048
2018-10-28,-0.0845199315533983,0.027547780317919584,2.8489304951259067,7.231787000383649,881.4017996651785,6.536333302089146,4.186362348284041,2.6489686965942383,-1.6377107211521695,878.7612025669642,0.4332119554281236,24.891075134277347,883.4837472098214,13.984008135114397,9.278713771275111,6.389894104003906
2018-11-04,-0.0776327113334823,0.1481365327324186,2.699499375479562,7.039180701119558,881.6633091517858,6.824874401092529,4.9008477074759345,2.8341797147478376,-1.5100665228707453,879.4787388392857,1.336480699266706,23.95237579345703,883.6994001116072,13.877866472516743,6.897296810150146,6.77288327898298
2018-11-11,-0.0285094056685392,0.06620160488201186,1.1653540338788715,2.8356642723083496,881.9024135044643,1.8560750688825338,5.612002018519811,1.5307629585266116,-4.190299688066755,879.6536551339286,-2.7102258954729352,18.075350734165735,884.1213448660714,8.39751968383789,5.161729635511127,3.6531220844813754
2019-06-02,-0.4848914684340575,9.475590369867937e-06,6.922429275512694,26.737009974888394,876.699609375,19.317099217006135,2.7351167133876255,2.587274033682687,9.61765420096261,873.7672014508928,11.667751639229914,54.110479736328124,879.1359793526786,25.936518423897883,10.228394099644252,6.391479328700475
2019-06-09,-0.4558489735307973,0.431782738059493,6.152517373221261,28.534852818080356,872.5705078125,22.06274893624442,3.7639566693987163,2.323005131312779,12.081524876185828,870.0867187499999,14.505874633789064,55.29901079450335,874.3630998883929,29.321219308035715,8.710566765921458,6.238873563494002
2019-06-16,-0.2982651505362241,2.7932202091384424,5.019776807512557,26.322790963309156,872.9045479910716,21.655540248325895,5.5159639086042125,2.067921325138637,14.48881617954799,870.8977957589285,15.677896336146762,47.889996773856026,874.2719726562501,28.327386256626674,7.521085875374928,5.543694523402622
2019-06-23,-0.4575251403794997,1.2814758759524143,4.640490368434361,26.793074253627232,873.8507114955356,22.985234287806918,5.372064263480049,2.2558110373360765,17.16716461181641,872.0626813616071,18.405765206473216,45.17913818359375,875.1210658482144,28.11732875279018,4.347114099775042,5.310332380022322
2019-06-30,-0.4516763375283697,3.3894697393775393,4.879362705775669,24.32566310337612,872.1375418526786,20.524718584333147,6.07299314226423,2.430316189357213,14.595887102399555,870.2816266741071,15.521280343191963,41.260523332868296,873.6088727678572,26.10738263811383,7.126336533682688,5.686340931483678
2019-07-07,-0.5416488013307148,0.0733253229182992,7.414274542672294,31.359082903180802,872.1953543526786,24.255130876813617,3.5184429168701175,2.5056512423924033,14.729568590436662,869.9533063616071,16.55523943219866,57.59524623325892,873.8873186383928,31.316169956752237,11.69166281563895,6.15967287336077
2019-07-14,-0.5089183705667231,1.175928275162421,5.197009359087263,26.9495363507952,872.1163225446428,21.6165769304548,5.56594581604004,1.9288510595049178,14.93121337890625,869.9242047991072,15.740328325544084,50.99597560337612,873.7663783482143,28.3804938180106,7.555091639927455,5.643013436453684
2019-07-21,-0.3428155833673084,2.3651929427148253,3.5656060355050223,25.286297171456475,871.9008231026785,22.375266156877792,6.977083533150809,1.9450426646641326,17.924308994838167,868.1575055803571,18.3559079851423,41.311206054687496,875.9977399553572,27.556160409109932,4.14294673374721,4.815535136631557
2019-07-28,0.1568093713332164,7.610049354314372,5.40392712184361,28.04360046386719,869.9850446428571,24.96740548270089,5.718395560128347,2.437059729439872,17.94125736781529,866.9025251116071,19.216162545340403,46.25986807686942,871.7653041294643,31.45279846191406,8.966465623038156,5.791424124581473
2019-08-04,1.1762009424376514,9.81730431861111,4.752935736519951,25.46119166782924,873.4889229910714,22.461744035993302,6.249559565952845,2.2753370829990933,16.664596775599886,871.498744419643,17.20035945347377,42.257275390625004,874.9209402901786,29.121300833565844,7.601271084376745,6.034279578072685
2019-08-11,0.4436385829016059,2.8990946565355573,4.674622562953403,25.369737025669643,872.6410574776786,22.655321829659595,6.333606284005301,2.209969956534249,16.031382969447545,870.6721679687499,17.10032457624163,41.934271240234374,874.2245535714286,28.82668151855469,9.271126719883512,6.43304181780134
2019-08-18,-0.4323067715398279,0.029033934300577956,6.402033615112304,27.508726937430243,873.0715401785714,21.990270996093752,4.650445665631976,2.08727388381958,13.435865129743304,869.595786830357,14.64895270211356,50.63048313685825,874.3638392857143,29.21835501534598,10.808138111659458,5.004013933454241
2019-08-25,-0.4301730372204048,2.215112455657384,3.401866831098284,22.633334568568642,877.4252371651786,19.84599173409598,6.838171604701451,1.9538459914071218,15.943150438581194,875.5886579241071,16.16334228515625,36.36437552315848,878.7645926339286,24.68338099888393,3.188628342215504,4.5093809400286
2019-09-01,-0.4073657881616812,0.4654782772064209,4.516197913033622,23.241324288504465,879.6387137276786,18.953411865234376,5.444483075823102,1.7506082807268417,11.460750797816685,877.9616908482142,12.541729191371374,45.09108973911831,881.0009068080357,25.98618534633092,8.834850828988213,5.282029451642717
2019-09-08,-0.482660267238315,0.2323221846212379,4.793730327061245,25.116468375069754,876.3336914062501,20.27575465611049,5.283770751953125,2.168181800842285,11.811746324811665,874.2273158482143,13.375024414062503,49.66180681501117,877.8851004464286,27.608551025390625,10.032408360072543,5.591262653895787
2019-09-15,0.1550391621200654,9.251312733710103,2.1712690217154367,17.168957955496655,880.009681919643,15.834980337960383,7.912425231933595,2.3036959375653945,13.09438193184989,877.5742466517858,12.911097935267858,25.432638331821984,881.4821149553571,20.27614964076451,1.8912515716901648,5.301281465802874
2019-09-22,-0.2484025813646526,0.5565278342858878,3.1307523727416995,17.83094504220145,885.1954659598214,15.316091918945315,6.356591905866351,1.7387349128723144,9.544618661063057,883.1646065848214,9.99879379272461,34.06902335030693,886.8669503348216,22.395003400530133,6.855900873456684,4.405219377790179
2019-09-29,-0.301923750543518,0.04359361628723701,3.449778284345354,19.253242274693076,884.5018973214285,16.24218989780971,5.706971359252931,1.764727878570557,8.315000479561942,882.6059012276786,9.6533200945173,40.99658857073102,886.2114676339287,24.26731458391462,9.353048815046037,4.881638390677316
2019-10-06,-0.3217793337937061,2.0738287430449387,2.516271672930036,17.19401190621512,880.6190290178572,14.610279628208705,7.013977704729352,2.5385849816458568,9.257680130004884,878.4554268973214,10.108100509643554,32.48420693533761,882.2793666294643,20.180954306466244,6.09836151259286,5.520978382655552
2019-10-13,-0.1607219062757622,0.09831841752997462,2.351137556348528,13.396686008998326,882.714662388393,11.835926709856304,5.988911928449359,1.672460297175816,5.028401320321218,880.7484933035714,6.268667493547712,28.838722446986605,884.8577008928571,18.738000052315847,7.353540366036552,4.2336908612932485
2019-10-20,-0.0714508088469313,2.5298422311055853,1.6458258152008054,9.027328164236888,886.3532087053571,7.325004686628069,7.0196558816092365,1.7266293934413366,2.1770723479134695,884.2921456473214,2.866834354400635,22.68980233328683,888.4531808035715,13.385968126569477,5.558504278319222,4.397594560895647
2019-10-27,-0.2003935591776306,0.24723497726289292,2.1652666091918946,8.73631248474121,883.0522879464286,6.995206614903041,5.76782569885254,2.2554160663059775,0.0476319858006069,880.0089704241071,1.1606458800179618,26.72270289829799,885.4205915178572,14.499084254673548,8.109216090611048,5.556757191249303
2019-11-03,-0.2685940302021575,0.7812857828435622,2.2932096481323243,8.39010238647461,883.6716378348214,7.870627811976841,5.1830094473702575,1.9869444983346123,0.19220099747180935,881.7691685267856,2.269224384852818,24.801815141950335,885.2413922991071,15.318570491245817,7.629086208343504,4.6964438574654706
2019-11-10,-0.2077430885000883,0.6010142107228255,1.4020850590297154,6.838518796648297,882.9602957589286,6.508399254935128,6.935761969430106,2.0081673077174593,0.36723110505512807,881.0722935267858,2.1623407023293635,20.489558192661832,884.9946986607143,12.88550109863281,6.48113043648856,4.82001097542899
2019-11-17,-0.1977856616761134,0.04117836411834493,2.123667676108224,2.7105239118848528,881.2247767857144,3.3205379758562366,3.930122457231794,2.894039848872594,-3.8694686617170064,877.0566545758928,-2.618921388898577,15.490699768066406,884.8770647321428,10.974109104701451,6.73598210471017,6.878679602486747
2019-11-24,-0.2542110803453047,0.02618958016890764,1.5126467704772952,1.0220921022551404,884.1569056919643,0.14365570885794504,4.444723020281111,2.374083273751395,-5.7706314631870805,880.8059291294643,-4.858999649967466,15.30070070539202,887.5991489955358,7.426895359584264,7.037039293561663,5.602625056675502
2019-12-01,-0.2425940823840006,0.13364533462055933,1.2200223377772743,-1.6107914652143205,887.467982700893,-2.776036214828491,4.975682013375418,2.399736704145159,-7.078595733642579,884.8126395089287,-6.878693744114466,10.129557010105676,890.6327706473214,2.6052174993923733,5.825253781250545,5.608456475394113
2019-12-08,-0.2741259339932546,0.0008543674434934286,1.1497098309653144,-3.7800463403974267,888.7544503348214,-3.762083799498422,4.49673718043736,2.074840109688895,-11.682367706298825,886.8206891741072,-10.169111960274833,12.281238337925501,891.0541434151785,4.469167750222342,8.63075212751116,4.837810134887696
2019-12-15,-0.2011048039507716,0.05797202422577681,1.1723649876458304,-2.0367648942129954,881.5115792410714,-1.6306200095585413,5.245565577915737,2.356907435825893,-9.115455409458704,878.9978794642858,-6.459712164742606,11.851362895965575,884.2093889508927,4.630908823013305,6.510822359153202,5.1174658639090405
2019-12-22,-0.2177005153240632,0.10278570279545939,0.7133430480957033,-4.213166645595005,882.7331333705357,-4.69811019897461,6.153145326886858,1.8487107685634068,-10.760918317522322,880.3060267857144,-9.632306998116631,9.549431610107423,885.4625558035714,2.0707048731190816,7.187776293073382,4.5720745359148305
2019-12-29,-0.2542110803453047,0.002354307741097725,1.0900374344417028,-4.876227951049805,880.5340122767857,-4.324054500034878,4.711946759905135,2.5873604093279154,-12.076381574358257,877.3119001116071,-9.625344957624165,10.102190726143974,884.0117885044643,2.631777845110212,6.932829121180943,5.843856866019112
2020-01-05,-0.355998110101493,0.919625963483538,0.5872860499790737,-5.798603657313756,885.83349609375,-6.194401959010533,5.5129209245954245,1.633748517717634,-13.485110364641459,882.9274135044642,-11.828765160696848,8.809506634303503,888.6029994419642,1.0402774987476213,6.512079920087542,3.833966609409877
2020-01-12,-0.3919554847436248,0.33816468928541454,0.4164367164884295,-4.201227297101702,882.7773856026786,-8.505842644827707,7.698096248081753,1.5487104824611122,-5.742042677743094,881.2940150669644,-12.265470068795342,-1.7523021697998047,884.7614815848214,-3.667994144984654,5.159915760585241,3.359654862540108
2020-01-19,-0.2757855051305837,0.35209713409666227,0.43789809431348525,-5.087882123674665,883.3882812499999,-8.562257821219308,6.962890842982701,1.7902642113821847,-7.225328172956195,881.4947544642856,-13.541755458286831,-1.946008082798549,885.6083844866071,-2.6954591257231577,6.929253986903599,4.479737663269042
2020-01-26,-0.2044239462254299,0.03416375262396676,0.5990984814507619,-4.446282414027623,883.8728794642857,-4.773160661969866,6.3828302655901235,1.401483522142683,-8.29648426600865,881.705161830357,-10.516374424525669,0.9153872081211638,885.9772460937501,2.6129014423915313,7.470854187011718,3.376289585658482
2020-02-02,-0.3438279217610792,0.20687546183116862,0.6170385122299196,-3.358218792506627,883.0221400669643,-4.031952040536062,6.503990064348493,1.5756999969482421,-7.875956344604494,881.2787946428571,-8.85584531511579,3.680805615016393,884.8809709821428,2.330942038127354,7.108470535278322,3.7612587520054412
2020-02-09,-0.3338704949371042,1.8660166745121389e-10,0.9112906387874059,-2.108354800088065,883.9921456473214,-2.8745237077985486,5.6158866337367455,1.7107313428606303,-9.700921957833426,881.5503208705358,-9.207441711425782,11.854536437988278,886.6449637276786,5.618952069963727,8.519403621128628,3.942809731619699
2020-02-16,-0.2824237896799004,1.521257559033984e-07,1.8000944137573245,-0.6665112154824394,881.663295200893,-2.021281569344656,4.175826099940709,2.8098483085632324,-9.298268345424107,878.3248186383928,-8.318416758946011,17.633086068289618,884.7565011160713,7.102475588662283,9.368611798967633,6.018271691458565
2020-02-23,-0.2077430885000883,2.977447106135718e-06,1.7996890476771763,0.1216777597154889,885.570703125,-0.7936771869659422,3.5902544839041575,2.280882140568324,-9.173652594430106,882.4521902901787,-7.434446634565082,20.033713204520094,888.6190290178572,7.526216207231793,8.945243998936244,5.3906939915248335
2020-03-01,-0.162934667792201,0.22488598062432819,2.089857871191842,5.1817878723144535,879.9299107142858,4.351404694148472,4.892938995361328,2.297115680149623,-3.6796190125601633,877.0483258928572,-1.0637580394744872,24.182525743756973,882.3484933035714,11.972822570800782,7.411364732469833,5.373674174717494
2020-03-08,-0.1048496779856805,0.3733569325991512,2.7495278222220283,4.704130799429757,877.9533342633928,2.6861115932464594,3.721765790666853,2.8475639343261716,-5.718304715837751,874.5256975446429,-3.7949810164315356,25.500111716134207,881.755189732143,10.805870165143697,8.766310630525863,6.943257195608957
2020-03-15,-0.0351476902178558,0.03997373921530587,2.7104928970336917,5.131499208722795,882.2728376116072,2.5999133110046384,3.00620059967041,2.6285700525556295,-5.561847904750279,878.5292131696431,-3.749916672706604,26.663157871791295,885.0726004464286,9.671580668858118,9.63850838797433,5.885459736415318
2020-03-22,0.061660626126345,0.0,4.615356935773577,10.860381317138673,878.2601004464285,9.071782684326172,2.114169066292899,2.552298600333078,-3.156869561331613,875.2016043526785,0.8836709073611669,36.479844447544636,880.5860491071429,17.907391793387273,10.543102591378346,6.269416809082031
2020-03-29,-0.1695729523415176,1.463426671914775,3.1790859767368858,10.780433763776509,878.5095563616072,7.531257247924805,5.152152906145369,2.637400191170829,0.2616193158285958,874.3406529017857,2.1155516351972308,32.03024139404297,883.982505580357,14.915565708705357,7.989939335414341,6.6480622972760886
2020-04-05,-0.1579559543802135,0.00786735084887886,3.5680586951119557,11.953026035853794,882.4877790178571,8.139687837873186,2.98921560559954,2.260116740635463,-1.0639130881854466,880.0118861607144,1.4832639081137522,35.95952540806361,887.4404715401787,14.985811505998884,9.276075417654855,5.027263641357422
2020-04-12,-0.2923812165038753,0.16085036354405538,4.69716328212193,15.212338038853236,881.7923130580357,10.57017980303083,2.846487099783761,2.404569789341518,0.6291225842067174,878.5945870535714,3.4469081469944554,41.581163678850444,883.7486467633928,17.86419764927455,10.17197014944894,5.802783475603376
2020-04-19,-0.3039982144651794,0.6589435156966958,4.217518479483468,15.329979487827847,877.2175223214286,11.101561737060548,3.5315074375697546,2.705373300824846,1.7533283744539536,874.1967215401786,4.178728621346609,37.543246023995536,879.6519810267857,18.6898683820452,9.045823478698729,6.8637056623186385
2020-04-26,-0.2923812165038753,3.979498667050736e-06,5.016644832066127,14.492166028703963,883.2317103794642,9.107235390799387,1.7980469022478378,2.8370110103062225,-2.7045114789690285,880.4657087053573,0.477512400490897,40.94130336216518,885.3529854910713,16.552455357142858,11.945174080984932,7.00442761012486
2020-05-03,-0.431868170596391,0.0039056454386029857,5.9874507904052745,25.59455718994141,874.9014787946428,20.678150503976006,1.9327081407819475,2.0909726824079238,6.565807179042271,871.7444475446428,11.093079812186103,54.85946044921876,877.2599609375,29.416046796526228,12.006460353306363,5.312517602103098
2020-05-10,-0.4052320538422581,0.9807848803236726,4.812178557259695,19.48999938964844,875.2137555803572,15.594527762276785,5.466077804565429,3.092587334769113,9.686156518118723,872.5111607142856,11.08220781598772,40.049883597237724,877.1153738839287,22.31012137276786,7.996305792672294,6.6914611816406255
2020-05-17,-0.4384234765888412,0.003151545380980476,6.622735541207452,22.98836408342634,873.6841517857144,17.639806038992745,2.563744681222098,3.4500371932983405,7.146546827043807,870.5123325892857,10.554380634852818,49.436180332728796,876.4375558035715,24.460604422433033,11.38910620553153,7.638097163609096
2020-05-24,-0.5019850511485479,5.680061262668709e-05,7.023471123831613,26.519627816336502,875.0890625000001,18.84938485281808,2.998502131870815,2.6823404584612165,7.735536847795759,871.7304129464285,10.404190826416015,54.89787466866629,877.0205217633928,26.434904044015067,12.379523359026226,6.118291800362724
2020-06-07,-0.5076483376546836,0.10888595053194354,8.834464372907366,30.051465715680802,870.9124581473214,24.748846435546877,2.2360438210623603,3.233845955984933,12.423729269845145,868.5869001116072,16.198713575090682,57.41553213936942,872.7462472098214,32.28659101213728,12.049098532540457,7.6704233986990795
2020-06-14,-0.5520833548566718,2.165102967186041,5.763700539725169,25.115397644042964,874.9697265625,20.103744506835938,5.210132544381277,2.3404715674264094,12.708642142159595,871.348353794643,13.586380549839564,45.48385227748326,876.9770647321428,27.45343126569475,10.35319159371512,5.49219480242048
2020-06-21,-0.5217818908489543,0.41326480511225683,6.240678296770369,28.895162527901785,872.1689592633929,22.878487069266182,4.686458097185407,2.504039791652134,15.75036337716239,870.0778041294642,17.00056849888393,52.418505859374996,873.6477120535716,29.11333443777902,11.111507633754186,5.797217886788504
2020-06-28,-0.5665963044526153,2.4571003614993145,6.594354793003626,28.007373700823106,871.0883789062499,22.61088540213449,4.843423298427036,2.414199556623186,15.088260650634767,868.716392299107,16.620783996582034,51.98874206542968,872.8139229910713,29.3515616280692,10.367326899937222,6.635231889997209
2020-07-05,-0.4072650284854862,1.376121742384774,5.309613473074776,26.302598789760047,872.1352678571428,22.131222534179688,5.709791946411133,2.3460420608520507,15.048706054687502,869.6997767857141,16.26509987967355,47.26672624860491,873.9440290178571,28.888512747628347,9.921202414376394,6.395917565482004
2020-07-12,-0.0855433337547514,2.432079794683627,5.612917981828963,27.564813014439174,870.2047572544643,23.59369964599609,5.783058438982282,2.4149700437273296,16.86588527134487,867.9146902901786,17.91405835832868,48.80457981654576,871.68349609375,30.158862958635606,8.912162290300643,6.488168389456613
2020-07-19,-0.4231317139663083,1.6347048570183127,5.188661793300084,27.878856985909604,872.4388392857143,22.77179848807199,6.04479239327567,2.0609232221330918,16.306044551304407,870.4972516741071,17.24449266706194,49.83538992745536,873.733803013393,28.741313389369417,9.278851917811801,5.196995544433594
2020-07-26,-0.5262147897535536,1.790466180667759,5.827670288085938,27.410431344168526,873.163169642857,22.78380693708147,5.991562761579241,2.9644414084298267,17.04167676653181,871.2966378348216,18.000760759626115,47.42704293387276,874.6137137276786,28.471148027692525,5.7935276712690085,5.9940763745989125
